Edad;Genero;Ingreso;Casado;Hijos;Carro;Cta_Ahorros;Cta_Corriente;Prestamo
43;F;1117.48;NO;1;NO;NO;NO;0
35;M;1431.88;SI;3;SI;NO;SI;1
52;F;1510.72;SI;0;SI;SI;SI;0
24;F;988.03;SI;3;NO;NO;SI;0
33;F;1498.75;SI;0;NO;SI;NO;0
48;F;1801.59;SI;2;NO;SI;SI;0
42;M;1479.76;NO;0;NO;NO;SI;0
29;M;1300.63;SI;0;SI;SI;SI;0
35;F;767.46;SI;2;SI;NO;NO;0
35;M;1381.46;SI;2;SI;SI;SI;0
50;F;684.03;SI;0;NO;SI;SI;0
40;F;1566.39;NO;0;SI;SI;SI;1
38;F;1759.04;SI;1;NO;SI;SI;1
32;F;1094.88;SI;1;SI;SI;SI;1
40;M;1124.22;SI;0;NO;SI;SI;1
32;F;1700.2;SI;0;SI;SI;SI;1
34;F;1956.46;SI;2;NO;NO;NO;1
35;F;1060.3;SI;0;NO;SI;NO;1
35;F;1194.2;SI;0;NO;SI;NO;0
34;M;1489.07;SI;0;SI;SI;SI;0
36;M;1409.16;SI;2;NO;SI;NO;0
30;M;1540.88;SI;2;NO;SI;SI;0
35;M;1050.94;SI;0;NO;SI;SI;0
49;F;1458.16;NO;0;SI;SI;SI;1
39;M;1631.85;NO;2;SI;SI;SI;0
34;M;2164.29;SI;0;SI;SI;SI;1
48;M;1770.76;SI;0;NO;SI;SI;1
46;F;1254.92;SI;1;NO;NO;SI;0
42;F;1303.9;NO;3;SI;NO;SI;1
36;M;876.28;SI;1;NO;NO;SI;0
42;F;1510.92;SI;2;NO;SI;SI;0
38;F;848.45;SI;2;NO;SI;NO;0
49;M;726.58;SI;1;SI;SI;SI;0
32;F;1150.73;NO;3;SI;SI;NO;0
42;M;1836.06;NO;0;NO;SI;SI;0
34;F;1394.63;SI;2;NO;SI;SI;0
41;M;1383.56;SI;3;SI;SI;SI;0
46;F;1482.54;NO;0;SI;NO;SI;0
42;F;1984.6;SI;0;SI;SI;SI;0
42;F;1087.41;NO;2;NO;NO;SI;0
33;M;1764.88;SI;0;NO;NO;SI;1
31;F;1067.53;SI;0;SI;NO;SI;0
37;M;1693.2;NO;2;SI;SI;NO;0
35;F;1404.37;SI;0;SI;NO;SI;1
39;M;1434.9;NO;2;SI;SI;SI;1
31;M;933.07;SI;2;NO;SI;SI;1
39;F;1547.09;NO;1;SI;SI;SI;0
32;M;1235.62;NO;2;NO;SI;SI;1
39;M;1637.23;NO;2;SI;NO;SI;0
28;F;1111.72;SI;2;SI;SI;NO;0
41;M;1033.59;NO;2;SI;SI;NO;0
36;M;1195.1;SI;0;NO;NO;NO;0
36;M;1614.35;SI;1;NO;SI;SI;0
29;M;1425.7;NO;1;NO;SI;SI;0
36;M;2446.17;SI;0;NO;SI;SI;1
39;F;1317.01;NO;3;NO;SI;NO;0
37;F;833.48;NO;0;NO;NO;SI;0
37;M;1966.04;SI;0;NO;SI;SI;0
41;F;1050.62;SI;0;NO;NO;SI;0
34;M;1196.98;NO;1;SI;SI;SI;1
31;F;1073.01;SI;1;NO;SI;SI;1
49;F;1671.2;NO;1;SI;NO;SI;0
31;M;1706.86;SI;2;NO;SI;SI;0
23;M;469.26;SI;0;NO;SI;NO;0
36;M;834.34;NO;0;SI;SI;SI;1
32;M;244.21;SI;0;NO;SI;SI;0
42;M;1968.13;NO;2;NO;SI;SI;0
42;F;1066.83;NO;0;NO;SI;SI;1
37;M;960.16;NO;2;NO;SI;SI;0
35;F;805.57;SI;2;NO;NO;SI;0
44;M;1316.38;SI;3;SI;SI;SI;0
37;M;1475.04;NO;0;NO;NO;SI;0
42;M;1250.65;SI;3;SI;SI;SI;1
43;F;1071.43;SI;2;NO;SI;NO;1
44;F;2163.23;NO;2;SI;SI;SI;0
38;F;1108.4;NO;2;SI;NO;NO;0
44;F;1327.54;NO;0;NO;SI;SI;1
41;M;1118.8;SI;1;SI;SI;SI;1
30;F;1020.35;SI;0;SI;NO;SI;0
36;F;961.29;SI;2;SI;SI;NO;0
31;F;1372.34;NO;3;NO;SI;SI;0
38;M;1889.03;NO;3;NO;NO;SI;0
30;F;909.37;SI;1;NO;SI;SI;0
37;M;1115.59;SI;1;NO;SI;SI;0
30;M;846.12;SI;0;NO;NO;SI;1
40;M;1379.64;SI;1;SI;SI;SI;0
42;F;2164.02;SI;0;NO;SI;SI;0
28;F;1347.81;NO;0;SI;SI;SI;1
26;M;1350.64;SI;0;SI;SI;NO;1
28;F;1758.58;SI;2;NO;NO;SI;0
50;M;977.15;SI;1;SI;NO;SI;1
34;F;1070.39;NO;2;NO;SI;SI;1
30;F;781.29;NO;0;NO;NO;SI;0
44;M;1532.25;SI;2;SI;SI;SI;0
38;F;1184.49;SI;0;SI;SI;NO;0
39;F;2073.94;SI;0;NO;SI;SI;0
50;M;1517.7;SI;1;NO;NO;NO;1
29;M;841.34;SI;2;SI;SI;SI;1
40;F;1676.64;NO;2;NO;SI;SI;0
33;F;1372.76;SI;0;SI;NO;SI;0
40;M;1918.62;SI;1;NO;SI;SI;1
33;F;1093.11;SI;2;SI;SI;SI;0
43;M;1181.15;SI;0;SI;NO;SI;1
39;M;1227.59;NO;0;NO;SI;SI;1
37;F;1393.21;SI;1;NO;SI;SI;0
31;M;1087.78;SI;3;SI;SI;SI;0
27;M;1531.19;SI;0;SI;SI;NO;0
42;M;1589.79;SI;0;NO;NO;SI;0
38;M;903.73;NO;0;NO;SI;SI;0
44;F;864.01;SI;2;SI;SI;SI;1
46;M;1560.91;NO;2;NO;SI;SI;0
37;M;1518.81;SI;3;SI;NO;NO;1
26;F;1785.53;SI;0;SI;NO;SI;0
42;M;1266.07;NO;2;SI;SI;SI;0
33;M;1460.96;SI;1;SI;SI;SI;0
36;F;960.16;SI;0;NO;SI;SI;0
37;F;1497.98;SI;2;NO;SI;NO;0
36;M;1510.07;SI;3;NO;SI;SI;1
34;M;824.75;NO;0;SI;NO;NO;0
34;F;1032.43;SI;3;SI;SI;SI;0
34;M;1584.95;NO;2;NO;SI;NO;1
36;F;1610.65;SI;1;SI;SI;SI;0
39;F;1741.26;SI;1;NO;SI;NO;1
34;F;1867.88;NO;1;NO;SI;SI;0
41;M;1549.23;NO;3;SI;SI;NO;0
39;M;1668.32;SI;2;NO;NO;SI;0
40;F;1231.32;SI;0;SI;SI;SI;0
34;F;1553.29;SI;0;NO;SI;SI;0
36;M;1726.54;SI;3;SI;SI;SI;0
38;F;1513.52;NO;0;SI;SI;SI;0
37;M;1330.91;NO;2;NO;NO;SI;0
31;M;1450.19;SI;3;NO;SI;SI;1
26;F;1376.83;NO;2;SI;SI;SI;0
54;F;1193.13;SI;0;SI;NO;SI;0
25;F;1061.48;SI;2;SI;SI;SI;1
47;F;1566.77;SI;1;SI;SI;SI;0
27;F;1893.87;SI;2;SI;NO;SI;1
45;F;1489.1;NO;0;NO;SI;SI;0
42;F;731.56;SI;0;NO;SI;SI;0
49;F;1592.86;NO;1;NO;SI;SI;0
28;M;1267.2;SI;3;NO;SI;SI;0
32;F;1068.84;SI;0;NO;NO;SI;0
41;F;1502.51;SI;1;SI;NO;NO;1
25;M;1741.76;SI;0;SI;SI;SI;1
39;M;1090.62;SI;1;NO;SI;SI;0
37;M;1521.57;SI;0;NO;SI;NO;1
41;M;1012;SI;2;SI;NO;SI;0
31;F;1490.92;NO;2;NO;SI;SI;0
36;M;1585.91;SI;0;SI;SI;NO;0
33;F;1064.02;SI;3;SI;SI;SI;0
39;M;1633.64;SI;1;SI;SI;SI;0
40;M;1356.52;NO;2;SI;NO;SI;0
35;M;1133.16;SI;2;NO;SI;NO;1
30;M;1170.64;SI;1;NO;SI;SI;1
34;M;1259.56;NO;2;SI;NO;NO;0
34;F;857.45;SI;2;NO;SI;SI;0
37;M;910.84;SI;0;SI;SI;SI;0
40;M;1162.74;SI;2;SI;SI;SI;0
50;F;1509.33;SI;0;NO;NO;SI;0
42;F;1189.96;SI;1;NO;SI;SI;0
40;M;1282.73;SI;2;SI;SI;SI;0
30;F;1285.37;SI;0;NO;NO;NO;0
42;F;669.07;NO;3;NO;NO;SI;0
30;F;1411.04;NO;1;SI;NO;SI;0
28;F;1915.19;SI;0;NO;NO;NO;0
39;M;1547.23;SI;1;NO;NO;SI;1
40;M;1219.92;NO;1;NO;SI;SI;1
39;M;1076.18;NO;1;NO;NO;NO;1
38;F;1930.9;NO;0;SI;SI;SI;0
41;M;1276.46;SI;0;NO;NO;SI;0
39;M;1144.21;SI;0;SI;SI;SI;0
40;M;2090.63;SI;2;NO;NO;SI;0
33;M;1359.2;SI;3;SI;SI;SI;0
33;M;1275.21;SI;1;SI;SI;SI;0
40;F;415.8;SI;2;NO;SI;SI;0
35;F;582.29;NO;0;NO;SI;SI;0
28;M;1867.81;SI;0;SI;SI;SI;0
37;F;1078.2;SI;0;SI;SI;SI;1
33;M;1291.26;SI;0;NO;NO;NO;0
39;M;1108.58;SI;2;NO;NO;SI;0
33;F;1975.03;SI;1;NO;SI;SI;1
39;M;1523.41;NO;0;NO;SI;SI;0
29;F;2283.68;NO;0;SI;SI;SI;1
43;F;1567.19;SI;2;SI;SI;SI;1
37;F;1338.71;NO;0;SI;SI;NO;1
38;M;1916.47;SI;1;SI;SI;SI;1
40;F;770.09;SI;0;NO;NO;NO;1
47;F;1322.31;SI;1;NO;NO;SI;0
36;M;1533.28;SI;2;SI;NO;SI;1
25;F;1435.06;SI;0;NO;NO;SI;0
46;F;1256.89;SI;2;SI;SI;SI;0
27;M;1288.27;SI;1;SI;SI;NO;0
37;F;809.19;SI;3;NO;SI;SI;0
35;M;1678.38;SI;0;SI;NO;SI;1
37;M;1410.73;SI;2;SI;NO;SI;0
40;M;1257.2;SI;1;NO;SI;NO;1
29;F;1224.3;NO;0;NO;NO;SI;1
39;M;1687.18;SI;2;SI;SI;SI;0
39;M;1344.97;NO;2;NO;NO;SI;1
30;F;2231.51;SI;0;NO;SI;SI;0
38;M;1644.52;SI;1;SI;SI;SI;0
32;F;1129.98;SI;0;NO;SI;SI;1
45;M;1471.5;SI;0;NO;NO;SI;0
33;M;693.95;NO;3;SI;NO;SI;0
49;M;1756.26;SI;1;NO;SI;SI;1
30;M;1436.83;NO;0;SI;NO;SI;1
24;M;1117.45;NO;0;SI;SI;SI;0
50;F;2032.86;SI;0;NO;SI;SI;1
39;M;1743.39;SI;0;SI;SI;SI;0
34;M;1200.35;NO;0;NO;SI;NO;0
39;M;1999.63;NO;0;SI;NO;NO;0
49;M;1342.97;SI;1;SI;SI;SI;0
33;M;1010.52;SI;0;SI;SI;SI;0
43;M;1408.44;NO;1;NO;NO;SI;0
46;M;1115.27;SI;0;NO;SI;SI;0
33;M;1393.3;SI;0;NO;SI;SI;0
39;F;1257.07;SI;0;SI;NO;SI;0
44;F;1414.9;SI;3;SI;SI;SI;1
28;M;724.86;NO;0;SI;SI;NO;0
34;F;1416.78;SI;0;SI;SI;SI;0
37;F;1933.36;NO;2;SI;NO;NO;0
36;M;848.92;SI;2;NO;SI;SI;0
41;F;1239.57;SI;1;NO;SI;SI;0
36;F;1948.11;SI;0;NO;SI;SI;1
37;M;1005.04;SI;3;NO;SI;SI;0
48;F;1685.79;NO;0;SI;SI;SI;0
37;M;961.1;SI;2;SI;SI;SI;0
35;M;663.66;NO;0;NO;SI;SI;0
40;M;1250.92;NO;0;SI;NO;SI;1
41;M;1190.02;NO;0;SI;NO;NO;0
34;F;1809.98;SI;0;SI;NO;SI;1
37;M;1227.91;NO;1;NO;NO;SI;1
39;M;1270.95;SI;0;NO;NO;SI;1
43;F;1405.79;SI;0;SI;SI;SI;0
37;F;1115.7;NO;3;NO;SI;NO;0
29;F;1317.25;NO;1;NO;SI;SI;1
46;M;973.51;NO;2;SI;SI;SI;0
39;F;1678.76;SI;2;NO;SI;SI;1
37;F;1336.41;SI;2;NO;SI;NO;0
27;M;1680.38;SI;0;SI;SI;SI;0
40;F;1757.49;SI;2;SI;NO;NO;0
42;F;1782.59;NO;0;SI;SI;SI;0
36;M;1209.21;SI;1;SI;SI;SI;0
30;F;1527.18;SI;0;SI;SI;SI;0
40;M;1487.9;SI;2;SI;SI;NO;0
32;M;1481.37;NO;0;SI;SI;SI;1
33;F;1503.09;NO;3;SI;NO;NO;0
41;M;919.5;SI;0;NO;NO;SI;0
29;M;1858.45;SI;3;NO;SI;SI;0
46;M;1856.64;SI;3;SI;NO;SI;0
36;M;1478.53;NO;0;NO;SI;SI;1
36;F;1759.82;SI;1;SI;SI;SI;1
41;M;1615.56;SI;2;NO;NO;SI;1
27;F;1355.44;SI;1;NO;NO;NO;0
29;F;1861.82;NO;3;NO;SI;SI;1
32;F;1018.08;NO;0;SI;NO;SI;0
45;F;1927.67;NO;2;NO;SI;SI;0
47;F;948.13;SI;2;NO;NO;SI;1
46;F;2140.29;NO;3;NO;NO;SI;1
34;M;1116.52;NO;0;NO;NO;NO;0
37;M;1701.81;SI;0;NO;SI;SI;0
33;F;875.09;SI;1;NO;SI;SI;1
39;F;1181.97;SI;0;NO;NO;SI;0
39;F;1075.46;SI;0;SI;SI;SI;1
32;M;1468.43;NO;0;SI;SI;NO;0
51;M;1058.45;SI;1;SI;NO;NO;0
40;M;1381.91;NO;0;SI;SI;SI;0
35;F;1496.41;NO;0;NO;SI;SI;0
40;F;1315.18;SI;0;SI;NO;SI;0
35;M;1133.64;NO;3;SI;NO;SI;1
37;F;1027.12;NO;2;NO;SI;SI;1
40;F;867.23;NO;0;SI;SI;SI;0
47;M;1356.79;SI;0;NO;SI;SI;0
38;M;1167.18;SI;1;SI;NO;SI;0
32;F;1170.21;SI;0;SI;SI;SI;0
43;M;804.62;SI;0;SI;NO;SI;1
37;F;1596.46;NO;1;NO;SI;SI;1
38;M;1653.08;SI;1;SI;SI;SI;0
29;F;1554.86;NO;0;NO;SI;NO;1
31;M;536.77;SI;1;NO;NO;SI;1
45;M;1475.51;SI;1;NO;NO;NO;0
36;F;1094.55;SI;0;NO;SI;SI;0
42;M;818.85;SI;1;SI;SI;NO;0
44;F;1549.13;SI;3;NO;SI;SI;1
37;F;1130.43;SI;3;NO;SI;SI;0
38;M;1460.52;SI;0;NO;NO;NO;0
39;M;1658.19;SI;1;SI;SI;SI;1
44;F;2142.86;SI;3;NO;NO;SI;0
41;M;1116.16;SI;1;NO;SI;NO;0
37;F;1016.02;SI;1;SI;SI;SI;0
45;M;1017.14;NO;0;NO;SI;SI;0
29;F;1724.31;NO;0;SI;SI;NO;0
24;M;1573.7;SI;2;SI;SI;SI;1
31;F;826.52;SI;0;NO;SI;SI;0
40;M;1006.62;SI;0;NO;SI;NO;1
33;M;1703.16;SI;0;SI;SI;SI;1
46;F;1868.68;NO;2;SI;SI;SI;1
22;M;1971.61;SI;2;NO;NO;NO;0
28;F;1563.37;NO;2;SI;NO;SI;0
35;F;1863.8;SI;0;NO;SI;SI;0
34;F;623.71;SI;1;SI;SI;SI;1
33;F;1291.77;SI;0;NO;SI;NO;0
33;F;1373.24;SI;0;NO;SI;NO;0
28;M;1744.68;SI;3;NO;SI;SI;1
39;F;967.13;NO;3;NO;SI;SI;0
38;F;1841.75;SI;0;NO;NO;SI;0
34;M;1384.04;NO;2;SI;SI;SI;0
39;M;1812.92;NO;0;SI;SI;SI;0
43;M;1048.86;NO;2;SI;SI;SI;0
42;F;734.79;NO;1;NO;SI;SI;0
38;M;1368.88;SI;0;NO;SI;SI;0
39;M;923.21;NO;1;NO;SI;SI;0
30;F;2475.4;NO;2;SI;NO;SI;0
51;F;1449.35;NO;2;SI;SI;SI;0
34;F;1616.01;SI;0;SI;SI;NO;0
32;M;1217.65;NO;0;SI;SI;SI;1
33;M;2059.88;NO;2;SI;SI;SI;0
37;F;1231.44;NO;1;NO;SI;SI;1
46;F;1240.19;NO;2;NO;SI;NO;0
29;M;1301.32;NO;0;SI;SI;SI;1
33;M;2054.63;NO;2;SI;SI;SI;0
33;M;2002.28;SI;0;SI;NO;NO;1
31;F;562.94;SI;1;SI;SI;NO;1
37;M;1183.28;NO;0;NO;SI;SI;0
41;M;1325.71;SI;0;NO;SI;SI;0
34;F;1253.54;NO;0;NO;NO;SI;0
34;M;1164.68;SI;1;NO;SI;NO;1
32;M;1615.44;SI;0;NO;NO;SI;1
27;F;1450.86;NO;1;NO;SI;NO;1
49;F;460.24;SI;3;NO;NO;SI;0
34;F;930.15;SI;3;SI;SI;SI;0
41;F;1323.41;SI;2;NO;SI;SI;1
41;F;1288.45;SI;0;NO;SI;NO;0
40;M;1671.24;SI;2;NO;SI;SI;0
38;F;780.17;SI;1;NO;NO;SI;0
34;M;1232.72;SI;1;NO;SI;NO;1
39;M;2017.51;SI;2;NO;NO;NO;1
30;M;1289.54;SI;1;SI;SI;NO;1
38;M;1577.34;SI;2;SI;SI;SI;1
32;M;958.34;SI;0;NO;NO;SI;1
28;F;859.5;SI;0;NO;SI;SI;0
42;M;1516.13;SI;1;SI;SI;NO;0
31;M;1605.41;SI;0;SI;SI;SI;0
36;F;1734.46;SI;0;NO;SI;SI;0
43;M;1056.16;SI;2;SI;SI;SI;0
43;F;1415.9;SI;1;NO;SI;SI;0
39;M;2178.83;SI;0;SI;SI;NO;1
41;F;705.8;SI;0;NO;SI;NO;0
43;M;1349;SI;0;NO;SI;NO;1
35;F;1931.54;NO;1;NO;NO;SI;0
33;F;1457.57;NO;0;SI;NO;SI;1
34;M;1001.85;SI;0;NO;SI;SI;1
46;F;1377.34;NO;1;NO;SI;SI;1
40;M;832.26;NO;1;SI;SI;SI;0
36;F;1547.23;SI;0;SI;NO;SI;1
46;F;1162.81;SI;2;NO;SI;SI;1
38;F;1609.27;SI;0;NO;NO;SI;0
38;M;1181.45;NO;0;NO;SI;SI;0
34;F;885.81;NO;3;SI;NO;SI;0
35;F;839.73;SI;1;SI;SI;NO;0
46;F;1675.11;NO;2;SI;SI;SI;0
40;M;1237.92;SI;3;NO;SI;SI;1
40;M;1027.16;SI;2;NO;NO;SI;0
36;F;1329.9;SI;0;NO;SI;SI;0
31;F;1382.63;SI;1;SI;SI;NO;0
38;M;708.12;SI;2;SI;SI;NO;0
18;F;371.93;NO;1;SI;NO;SI;0
32;M;1348.31;SI;0;SI;SI;SI;1
31;M;1684.24;SI;0;NO;SI;SI;1
34;M;1295.27;SI;3;NO;SI;NO;1
37;M;1482.79;SI;0;NO;SI;SI;0
40;F;1831.42;NO;2;NO;SI;SI;0
46;F;1538.09;NO;0;NO;NO;NO;0
44;F;2060.51;SI;0;NO;NO;SI;0
45;F;1388.02;SI;2;NO;SI;SI;0
38;M;1799.73;SI;0;SI;SI;SI;0
48;F;1141.5;NO;1;NO;NO;NO;1
39;M;1294.27;NO;2;NO;NO;SI;0
50;M;973.03;SI;0;NO;NO;SI;1
45;F;1718.68;SI;3;NO;NO;SI;0
40;F;1804.76;NO;0;SI;SI;SI;0
37;F;1390.6;SI;2;SI;SI;SI;0
28;M;1783.75;SI;1;NO;NO;SI;0
28;F;972.79;SI;1;SI;SI;SI;0
41;F;1113.66;SI;0;NO;NO;SI;0
32;F;1958.17;NO;3;SI;NO;SI;1
28;M;1332.8;NO;0;NO;NO;SI;0
44;M;1038.7;NO;1;SI;NO;NO;0
33;M;1319.49;NO;0;SI;NO;SI;0
39;F;1168.55;SI;0;NO;SI;NO;0
37;F;1368.76;SI;0;NO;SI;SI;0
41;M;1151.01;NO;0;SI;NO;SI;0
37;F;1224.17;SI;3;SI;SI;NO;0
44;F;1539.94;SI;2;SI;SI;NO;1
41;F;1146.1;NO;0;SI;NO;NO;1
39;F;2058.17;SI;3;SI;NO;NO;1
42;M;1302.4;SI;0;SI;SI;NO;0
37;M;741.43;SI;2;NO;SI;SI;0
35;F;500.33;NO;1;NO;SI;SI;0
44;M;1228.22;SI;0;SI;SI;NO;1
30;F;1256.18;NO;0;NO;NO;SI;1
39;M;769.28;NO;3;SI;NO;NO;1
34;M;746.52;SI;0;SI;NO;SI;0
35;M;2112.39;NO;0;NO;NO;NO;1
31;F;1389.31;SI;3;NO;SI;SI;0
43;M;1328.07;SI;3;SI;SI;SI;0
41;M;1450;NO;1;NO;SI;SI;0
35;M;1261.67;NO;0;NO;SI;SI;0
36;F;2146.43;SI;1;SI;NO;NO;0
36;M;981.65;SI;2;NO;SI;NO;0
36;F;1580.49;NO;1;SI;NO;SI;1
43;M;1548.79;NO;0;SI;SI;SI;1
44;F;1226.78;NO;2;SI;SI;SI;0
40;F;1490.69;SI;0;SI;NO;SI;0
42;F;888.52;SI;0;NO;SI;SI;0
32;M;1650.34;SI;0;NO;SI;SI;1
38;M;1130.43;NO;1;NO;SI;NO;1
38;M;1330.94;SI;1;SI;NO;NO;0
33;F;1544.12;SI;2;SI;SI;NO;0
38;M;1219.39;SI;0;NO;SI;SI;1
36;M;1769.58;SI;0;SI;SI;SI;1
35;M;2044.64;NO;1;NO;SI;NO;0
35;M;2208.53;SI;1;SI;NO;SI;0
37;F;1079.8;SI;0;SI;SI;SI;0
42;M;2238.96;NO;1;SI;NO;SI;0
42;F;997.34;SI;0;NO;SI;SI;0
39;F;1781.38;SI;3;NO;SI;NO;0
38;F;1800.37;SI;2;SI;NO;NO;0
38;F;1453.83;SI;1;SI;NO;SI;1
39;M;1727.11;NO;2;NO;SI;SI;1
36;M;1165.18;SI;0;NO;SI;NO;1
40;F;1458.32;SI;1;SI;SI;SI;0
29;M;1072.39;NO;0;SI;SI;SI;1
34;F;894.36;SI;0;NO;NO;SI;1
33;M;1707.86;SI;0;SI;SI;NO;0
30;M;1027.92;NO;2;SI;SI;SI;1
37;M;1377.19;SI;0;SI;NO;NO;1
37;F;1797.88;NO;1;SI;SI;NO;1
40;F;959.77;SI;1;NO;NO;SI;0
53;M;427.94;SI;1;SI;NO;SI;0
39;M;1713.76;SI;1;NO;SI;NO;1
35;M;1204.74;SI;0;SI;SI;SI;0
41;F;852.58;SI;0;SI;SI;SI;0
38;M;1398.44;NO;0;SI;NO;SI;1
38;F;1395.44;SI;0;NO;SI;SI;0
38;M;1704.51;SI;0;SI;SI;SI;0
36;F;1751.72;SI;0;NO;SI;SI;0
29;F;1702.89;SI;2;NO;NO;SI;0
33;M;1292.77;SI;3;SI;SI;NO;0
28;F;1200.77;NO;0;SI;SI;SI;0
40;M;1501.83;SI;3;SI;NO;NO;0
33;M;644.45;NO;0;SI;SI;NO;1
39;F;1267.87;NO;0;NO;NO;SI;0
31;F;441.53;NO;0;SI;SI;SI;1
44;M;1360.91;NO;0;NO;SI;SI;1
35;F;997.34;SI;0;SI;SI;SI;0
26;F;812.29;SI;0;SI;SI;SI;1
32;F;1682.48;SI;0;NO;SI;SI;0
34;M;1215.66;NO;1;NO;SI;SI;0
30;M;753.63;SI;1;NO;SI;SI;0
38;M;1541.69;SI;0;SI;NO;SI;1
36;F;1387.04;SI;0;SI;SI;NO;1
39;F;1517.96;SI;0;SI;NO;SI;1
42;F;1008.29;SI;2;SI;NO;SI;0
32;M;1414.06;NO;0;SI;SI;SI;0
42;F;775.97;SI;2;SI;SI;SI;1
36;M;1626.88;SI;0;NO;NO;SI;0
35;F;1127.39;NO;3;NO;SI;SI;0
27;M;1661.87;SI;0;NO;NO;SI;0
28;M;2218.57;NO;3;SI;SI;SI;0
46;F;2083.16;SI;0;NO;SI;SI;1
45;F;1494.36;SI;0;SI;SI;SI;0
35;M;966.99;SI;2;SI;SI;NO;0
37;F;1082.3;NO;0;NO;SI;SI;0
39;F;1656.11;NO;1;SI;SI;SI;1
28;F;1016.62;SI;2;NO;SI;SI;1
31;M;1054.73;NO;1;NO;NO;SI;0
44;M;1704.33;SI;0;NO;SI;SI;1
38;M;786.26;SI;2;NO;SI;SI;1
42;M;1330.14;NO;1;SI;SI;SI;0
40;M;1239.73;SI;2;NO;NO;SI;1
41;M;1749.54;NO;2;SI;SI;SI;0
42;M;1588.21;NO;0;NO;SI;SI;1
45;M;1218.53;SI;0;SI;SI;NO;0
33;F;1904;SI;1;SI;SI;SI;0
39;F;1222.16;SI;0;SI;SI;SI;1
36;F;1468.12;SI;0;NO;SI;NO;1
31;M;1674.31;SI;1;NO;NO;SI;0
31;F;1811;SI;3;NO;SI;NO;0
38;M;913.25;SI;2;NO;SI;NO;0
40;F;1141.71;SI;1;SI;SI;NO;1
39;F;1128.44;NO;1;SI;SI;SI;0
34;F;1530.02;SI;0;SI;SI;NO;1
37;M;1345.75;NO;0;NO;SI;SI;0
36;F;1193.07;SI;3;NO;SI;SI;0
23;M;1372.79;SI;0;NO;NO;NO;1
31;M;1279.25;NO;2;SI;SI;SI;1
29;M;663.09;NO;0;NO;SI;SI;0
29;F;1628.88;NO;0;NO;SI;SI;1
31;F;1711.83;SI;0;SI;NO;SI;0
47;F;1603.31;SI;3;SI;SI;NO;0
36;F;1680.29;NO;1;SI;NO;SI;0
42;F;1173.75;SI;0;SI;NO;NO;0
44;F;1549.54;NO;0;SI;SI;SI;1
35;F;866.59;SI;1;SI;SI;SI;0
27;F;1624.39;SI;0;SI;SI;SI;0
27;F;1126.79;SI;0;NO;NO;NO;1
31;F;1196.27;NO;0;SI;SI;SI;0
36;M;1376.26;NO;2;NO;SI;SI;1
27;F;1390.3;SI;2;SI;SI;SI;0
36;F;1192.87;SI;0;NO;SI;NO;0
43;M;1223.2;SI;3;NO;SI;SI;0
32;F;1409.53;SI;0;SI;SI;SI;1
44;F;1899.29;NO;3;NO;SI;SI;0
35;M;1167.58;NO;0;SI;SI;NO;0
50;F;1281.22;SI;1;NO;SI;SI;0
38;F;1288.78;NO;0;NO;SI;NO;0
38;M;875.84;SI;1;NO;SI;NO;1
40;F;1215.94;NO;3;NO;NO;SI;0
42;F;976.54;SI;3;SI;SI;SI;1
38;F;1234.97;SI;2;SI;NO;SI;0
38;F;1259.77;SI;2;SI;SI;SI;0
26;M;1005.35;NO;3;NO;SI;SI;1
37;F;1029.76;SI;0;SI;SI;NO;1
30;M;1722.24;SI;0;SI;SI;SI;1
34;F;1001.05;SI;1;NO;NO;SI;0
46;M;966.41;NO;2;NO;SI;NO;1
33;F;1267.9;NO;1;NO;SI;SI;1
37;F;1500.48;SI;2;NO;NO;SI;0
46;M;1687.48;SI;1;SI;SI;SI;0
36;M;1596.97;SI;1;NO;SI;SI;0
29;F;1186.77;NO;1;SI;NO;NO;0
41;M;832.05;NO;1;NO;SI;SI;0
46;M;1311.59;SI;0;SI;NO;SI;1
32;F;697.84;NO;1;SI;SI;SI;1
33;M;1983.92;SI;0;NO;NO;SI;0
34;F;1400.88;NO;1;NO;SI;SI;0
39;F;1312.96;NO;2;NO;SI;SI;0
34;F;936.85;SI;0;NO;SI;SI;0
29;M;1467.18;SI;0;NO;SI;SI;1
29;F;1756.05;SI;1;SI;SI;NO;1
40;M;684.93;SI;2;NO;SI;SI;0
31;M;1595.99;SI;2;SI;SI;SI;0
38;M;1357.53;SI;1;SI;SI;NO;1
41;M;980.39;SI;1;SI;SI;SI;0
39;M;990.87;NO;0;NO;NO;SI;1
36;F;1754.98;NO;0;SI;NO;NO;1
44;M;1007.81;SI;2;SI;SI;SI;0
51;M;1151.99;SI;1;SI;SI;SI;0
49;F;1303.36;SI;1;SI;SI;SI;1
38;F;1186.87;SI;1;SI;NO;SI;0
33;M;1661.01;SI;3;NO;NO;NO;0
35;M;1227.06;SI;2;SI;SI;SI;0
41;F;1380.48;SI;0;SI;NO;NO;1
28;F;1449.2;SI;3;SI;SI;SI;0
27;F;1247.28;SI;2;SI;SI;SI;0
50;F;1536.29;SI;1;SI;SI;SI;1
49;M;1077.4;SI;0;NO;NO;SI;0
38;F;1319.22;SI;0;NO;SI;SI;0
41;F;816.43;SI;0;NO;NO;SI;1
43;M;1732.14;NO;1;NO;SI;SI;0
53;F;1690.57;NO;0;NO;NO;SI;1
40;F;1475.01;SI;0;NO;SI;SI;0
27;F;1086.7;NO;1;NO;NO;SI;1
49;M;1709.91;SI;0;SI;NO;SI;1
41;M;1103.83;SI;0;SI;SI;NO;0
39;M;1337.78;SI;0;NO;NO;SI;1
31;F;1442.04;SI;2;SI;SI;SI;0
31;F;979.45;SI;0;SI;SI;SI;0
35;M;1428.86;NO;1;SI;SI;SI;1
36;F;1965.52;NO;3;SI;NO;SI;0
39;M;1383.35;SI;0;NO;NO;NO;0
28;F;1800.95;NO;2;NO;SI;SI;0
34;M;1389.28;SI;2;SI;SI;SI;0
36;F;1774.57;SI;0;SI;SI;SI;0
32;M;1149.27;SI;0;NO;SI;SI;1
35;F;1044.98;SI;1;SI;SI;SI;0
33;M;1818.83;SI;0;SI;SI;NO;0
50;M;1649.78;NO;0;NO;SI;SI;1
32;F;1373.15;SI;0;SI;NO;NO;0
33;M;947.52;SI;2;SI;SI;NO;1
38;M;1637.89;SI;2;SI;NO;SI;1
38;F;1505.02;NO;3;NO;SI;NO;0
26;F;1395.8;NO;2;SI;SI;SI;0
29;M;1275.15;SI;1;NO;SI;SI;1
33;M;716.75;NO;3;SI;SI;SI;0
32;M;898.7;SI;1;NO;NO;SI;0
35;F;1181.42;NO;1;SI;SI;NO;0
37;M;736.44;SI;0;NO;SI;SI;0
41;M;1308.26;SI;1;SI;SI;SI;0
35;M;924.35;SI;0;NO;NO;NO;0
32;F;948.53;NO;2;NO;SI;SI;1
30;M;1223.39;SI;0;NO;SI;SI;0
27;M;924.51;SI;2;NO;SI;SI;0
30;F;1254.83;SI;3;SI;SI;SI;1
34;F;1823.66;NO;2;SI;SI;SI;1
33;F;1016.75;SI;0;SI;SI;SI;0
27;F;1517.73;SI;0;SI;SI;NO;0
40;M;1379.76;SI;0;NO;SI;NO;1
25;M;1061.01;NO;0;SI;NO;SI;1
42;M;1272.6;SI;2;SI;SI;SI;0
34;F;2333;SI;0;NO;SI;SI;0
39;F;1127.6;NO;0;SI;SI;SI;1
36;F;1374.11;SI;1;NO;SI;SI;1
29;F;1411.25;SI;1;SI;SI;SI;1
42;M;1249.81;SI;0;NO;SI;SI;1
25;F;1777.06;SI;0;SI;SI;SI;1
33;F;1432.8;SI;2;NO;NO;NO;1
44;F;1324.13;SI;0;NO;SI;NO;1
39;F;2037.33;SI;0;NO;SI;NO;0
43;M;1443.82;SI;0;SI;SI;SI;0
41;M;1038.33;SI;2;NO;SI;NO;0
26;M;1806.05;SI;2;NO;SI;SI;0
39;M;1446.46;SI;0;NO;SI;SI;0
36;F;2056.93;NO;0;SI;SI;SI;1
40;M;1610.76;NO;2;SI;SI;SI;0
35;M;1796.32;SI;0;SI;SI;SI;1
39;M;994.45;SI;0;NO;SI;SI;1
39;F;1231.29;SI;1;NO;NO;SI;0
30;F;1249.97;NO;3;SI;NO;SI;1
32;M;722.37;SI;1;NO;NO;SI;0
48;F;1648.82;SI;2;NO;SI;SI;0
52;F;1425.85;SI;2;NO;SI;NO;0
35;M;1492.1;SI;1;SI;SI;SI;0
34;F;1277.55;NO;3;SI;SI;NO;0
40;M;1390.75;NO;0;NO;SI;SI;0
39;F;790.05;SI;2;NO;SI;SI;0
37;M;1336.41;SI;3;SI;SI;SI;0
43;F;1627.65;NO;0;SI;NO;SI;0
36;F;1122.31;SI;0;SI;SI;SI;0
32;F;1440.04;NO;2;NO;NO;SI;0
36;M;1772.04;SI;0;NO;NO;SI;1
41;F;1389.49;SI;0;SI;NO;SI;0
39;M;1076.41;NO;2;SI;SI;NO;0
33;F;1688.39;SI;0;SI;NO;SI;1
45;M;1914.08;NO;2;SI;SI;SI;1
46;M;947.62;SI;2;NO;SI;SI;1
48;F;937.74;NO;1;SI;SI;SI;0
38;M;1264.42;NO;2;NO;SI;SI;1
41;M;1429.2;NO;2;SI;NO;SI;0
37;F;1348.97;SI;2;SI;SI;NO;0
39;M;2166.94;NO;2;SI;SI;NO;0
49;M;1706.18;SI;0;NO;NO;NO;0
29;M;1966.98;SI;1;NO;SI;SI;0
37;M;1528.07;NO;1;NO;SI;SI;0
31;M;1475.07;SI;0;NO;SI;SI;1
41;F;1301.38;NO;3;NO;SI;NO;0
53;F;847.76;NO;0;NO;NO;SI;0
33;M;1761.06;SI;0;NO;SI;SI;0
32;F;1655.02;SI;0;NO;NO;SI;0
37;M;581.05;NO;1;SI;SI;SI;1
39;F;1815.1;SI;1;NO;SI;SI;1
44;F;721.16;NO;1;SI;NO;SI;0
39;M;1155.04;SI;2;NO;SI;SI;0
44;M;1584.3;SI;0;NO;SI;NO;0
46;M;2275.51;NO;0;SI;SI;SI;1
42;M;1975.9;SI;0;NO;SI;SI;0
34;M;1276.4;NO;2;NO;SI;SI;0
36;F;1530.12;NO;0;NO;SI;SI;1
36;M;1001.63;NO;2;NO;SI;SI;0
36;F;1194.68;SI;2;NO;NO;SI;0
25;M;1792.21;SI;3;SI;SI;SI;0
40;M;1465.72;NO;0;NO;NO;SI;0
38;M;1842.75;SI;3;SI;SI;SI;1
22;F;1395.83;SI;2;NO;SI;NO;1
25;F;1365.56;NO;2;SI;SI;SI;0
35;F;994.18;NO;2;SI;NO;NO;0
35;F;2154.52;NO;0;NO;SI;SI;1
39;M;970.16;SI;1;SI;SI;SI;1
34;F;1312.66;SI;0;SI;NO;SI;0
44;F;1572.68;SI;2;SI;SI;NO;0
36;F;1924.21;NO;3;NO;SI;SI;0
33;M;1481.81;NO;3;NO;NO;SI;0
31;F;994.09;SI;1;NO;SI;SI;0
33;M;319.59;SI;1;NO;SI;SI;0
36;M;1157.6;SI;0;NO;NO;SI;1
46;M;449.86;SI;1;SI;SI;SI;0
29;F;1554.49;SI;0;NO;SI;SI;0
40;F;1711.05;NO;0;SI;SI;SI;1
35;M;1568.76;SI;0;SI;SI;NO;1
46;F;1115.91;SI;2;NO;NO;SI;0
28;M;1230.6;SI;1;SI;NO;SI;1
37;F;1601.14;NO;2;NO;SI;SI;1
37;F;2171.55;NO;0;NO;NO;SI;0
43;M;1577.51;SI;2;SI;SI;SI;0
29;F;1154.97;SI;0;SI;SI;NO;0
48;F;723.67;SI;0;NO;SI;SI;0
37;M;660.98;SI;1;NO;NO;NO;1
32;M;1511.54;SI;2;SI;SI;SI;1
30;F;1752.63;NO;2;NO;SI;SI;0
38;F;1120.68;SI;0;SI;NO;SI;0
44;M;638.71;SI;1;NO;SI;SI;1
36;F;728.6;SI;2;SI;SI;SI;0
52;M;1216.61;SI;0;SI;NO;SI;1
26;M;813.06;NO;0;NO;SI;SI;1
35;F;954.32;SI;1;NO;SI;SI;0
53;M;1075.5;SI;3;SI;SI;SI;0
40;M;1518.52;SI;0;SI;SI;NO;0
38;M;862.12;SI;0;NO;NO;SI;0
30;M;1732.67;NO;0;NO;SI;SI;0
42;F;1259.44;SI;2;SI;SI;SI;1
42;M;1002.74;NO;2;NO;SI;SI;0
29;M;1357.12;SI;3;SI;NO;NO;1
35;F;1526.41;SI;0;SI;NO;SI;0
31;M;2330.87;NO;2;SI;SI;SI;0
30;M;1297.5;SI;1;SI;SI;SI;0
39;F;1591.85;SI;0;NO;SI;SI;0
43;F;1700.33;SI;2;NO;SI;NO;0
41;M;1481.12;SI;3;NO;SI;SI;1
33;M;1710.78;NO;0;SI;NO;NO;0
48;F;1173.52;SI;3;SI;SI;SI;0
23;M;869.34;NO;2;NO;SI;NO;1
39;F;1714.27;SI;1;SI;SI;SI;0
36;F;944.87;SI;1;NO;SI;NO;1
44;F;1079.61;NO;1;NO;SI;SI;0
49;M;1674.61;NO;3;SI;SI;NO;0
47;M;2510.25;SI;2;NO;NO;SI;0
26;F;1013.64;SI;0;SI;SI;SI;0
29;F;1411.67;SI;0;NO;SI;SI;0
39;M;621.67;SI;3;SI;SI;SI;0
28;F;807.39;NO;0;SI;SI;SI;0
39;M;1379.7;NO;2;NO;NO;SI;0
47;M;2118.33;SI;3;NO;SI;SI;1
39;F;2188.19;NO;2;SI;SI;SI;0
36;F;1125.7;SI;0;SI;NO;SI;0
36;F;1743.99;SI;2;SI;SI;SI;1
40;F;289.25;SI;1;SI;SI;SI;0
33;F;1768.63;SI;2;SI;NO;SI;1
46;F;1026.74;NO;0;NO;SI;SI;0
30;F;1023.7;SI;0;NO;SI;SI;0
42;F;1159.79;NO;1;NO;SI;SI;0
38;M;1398.89;SI;3;NO;SI;SI;0
34;F;2060.35;SI;0;NO;NO;SI;0
39;F;1160.93;SI;1;SI;NO;NO;1
36;M;722.8;SI;0;SI;SI;SI;1
35;M;1104.81;SI;1;NO;SI;SI;0
41;M;1336.05;SI;0;NO;SI;NO;1
47;M;1172.16;SI;2;SI;NO;SI;0
38;F;1467.87;NO;2;NO;SI;SI;0
36;M;1777.44;SI;0;SI;SI;NO;0
34;F;1418.69;SI;3;SI;SI;SI;0
45;M;948.89;SI;1;SI;SI;SI;0
32;M;1592.79;NO;2;SI;NO;SI;0
28;M;1040.75;SI;2;NO;SI;NO;1
39;M;2135.24;SI;1;NO;SI;SI;1
47;M;1914.93;NO;2;SI;NO;NO;0
32;F;1126.47;SI;2;NO;SI;SI;0
44;M;1185.37;SI;0;SI;SI;SI;0
42;M;880.5;SI;2;SI;SI;SI;0
39;F;1387.42;SI;0;NO;NO;SI;0
39;F;1657.05;SI;1;NO;SI;SI;0
28;M;1469.81;SI;2;SI;SI;SI;0
32;F;1352.22;SI;0;NO;NO;NO;0
32;F;1741.66;NO;3;NO;NO;SI;0
36;F;1849.58;NO;1;SI;NO;SI;0
44;F;1840.44;SI;0;NO;NO;NO;0
33;M;1551.75;SI;1;NO;NO;SI;1
45;M;1390.15;NO;1;NO;SI;SI;1
45;M;1882.28;NO;1;NO;NO;NO;1
37;F;1485.39;NO;0;SI;SI;SI;0
28;M;1675.16;SI;0;NO;NO;SI;0
50;M;1123.76;SI;0;SI;SI;SI;0
37;M;1414.84;SI;2;NO;NO;SI;0
40;M;804.54;SI;3;SI;SI;SI;0
39;M;1027.41;SI;1;SI;SI;SI;0
38;F;2338.83;SI;2;NO;SI;SI;0
34;F;952.32;NO;0;NO;SI;SI;0
33;M;1405.06;SI;0;SI;SI;SI;0
36;F;1664.92;SI;0;SI;SI;SI;1
30;M;507.24;SI;0;NO;NO;NO;0
41;M;1155.41;SI;2;NO;NO;SI;0
49;F;1635;SI;1;NO;SI;SI;1
36;M;923.48;NO;0;NO;SI;SI;0
34;F;262.85;NO;0;SI;SI;SI;1
41;F;1201.77;SI;2;SI;SI;SI;1
36;F;1210.07;NO;0;SI;SI;NO;1
31;M;2215.04;SI;1;SI;SI;SI;1
33;F;1022.69;SI;0;NO;NO;NO;1
25;F;1486.02;SI;1;NO;NO;SI;0
31;M;1363.62;SI;2;SI;NO;SI;1
37;F;1423.48;SI;0;NO;NO;SI;0
37;F;772.42;SI;2;SI;SI;SI;0
40;M;1654.82;SI;1;SI;SI;NO;0
41;F;1783.14;SI;3;NO;SI;SI;0
39;M;2347.21;SI;0;SI;NO;SI;1
36;M;1699.09;SI;2;SI;NO;SI;0
28;M;1039.03;SI;1;NO;SI;NO;1
29;F;1383.86;NO;0;NO;NO;SI;1
42;M;1090.24;SI;2;SI;SI;SI;0
38;M;1755.29;NO;2;NO;NO;SI;1
30;F;1823.28;SI;0;NO;SI;SI;0
45;M;1372.04;SI;1;SI;SI;SI;0
38;F;973.46;SI;0;NO;SI;SI;1
38;M;1582.37;SI;0;NO;NO;SI;0
46;M;1509.85;NO;3;SI;NO;SI;0
31;M;1142.63;SI;1;NO;SI;SI;1
32;M;1639.5;NO;0;SI;NO;SI;1
38;M;1384.1;NO;0;SI;SI;SI;0
51;F;923;SI;0;NO;SI;SI;1
33;M;1693.11;SI;0;SI;SI;SI;0
26;M;1222.41;NO;0;NO;SI;NO;0
41;M;1228.44;NO;0;SI;NO;NO;0
32;M;1330.32;SI;1;SI;SI;SI;0
39;M;1609.08;SI;0;SI;SI;SI;0
34;M;1914.68;NO;1;NO;NO;SI;0
37;M;1747.43;SI;0;NO;SI;SI;0
49;M;538.85;SI;0;NO;SI;SI;0
35;F;1128.86;SI;0;SI;NO;SI;0
36;F;1819.14;SI;3;SI;SI;SI;1
44;M;890.5;NO;0;SI;SI;NO;0
37;F;878.15;SI;0;SI;SI;SI;0
31;F;946.4;NO;2;SI;NO;NO;0
30;M;974.69;SI;2;NO;SI;SI;0
34;F;1524.24;SI;1;NO;SI;SI;0
29;F;950.3;SI;0;NO;SI;SI;1
57;M;1066.91;SI;3;NO;SI;SI;0
41;F;1265.37;NO;0;SI;SI;SI;0
30;M;916.03;SI;2;SI;SI;SI;0
38;M;864.14;NO;0;NO;SI;SI;0
48;M;1421.69;NO;0;SI;NO;SI;1
40;M;995.63;NO;0;SI;NO;NO;0
36;F;1169.51;SI;0;SI;NO;SI;1
43;M;1376.53;NO;1;NO;NO;SI;1
53;M;2034.67;SI;0;NO;NO;SI;1
38;F;1070.47;SI;0;SI;SI;SI;0
32;F;382.64;NO;3;NO;SI;NO;0
28;F;1268.67;NO;1;NO;SI;SI;1
39;M;2101.98;NO;2;SI;SI;SI;0
36;F;1444.25;SI;2;NO;SI;SI;1
41;F;1249.69;SI;2;NO;SI;NO;0
25;M;1776.57;SI;0;SI;SI;SI;0
40;F;1550.18;SI;2;SI;NO;NO;0
30;F;1326.1;NO;0;SI;SI;SI;0
21;M;1911.29;SI;1;SI;SI;SI;0
44;F;1737.78;SI;0;SI;SI;SI;0
31;M;1915.02;SI;2;SI;SI;NO;0
42;M;1694.48;NO;0;SI;SI;SI;1
27;F;1155.24;NO;3;SI;NO;NO;0
34;M;854.86;SI;0;NO;NO;SI;0
33;M;919.94;SI;3;NO;SI;SI;0
39;M;1340.23;SI;3;SI;NO;SI;0
41;M;1335.69;NO;0;NO;SI;SI;1
35;F;1403.68;SI;1;SI;SI;SI;1
39;M;2099.13;SI;2;NO;NO;SI;1
37;F;2049.95;SI;1;NO;NO;NO;0
35;F;1240.01;NO;3;NO;SI;SI;1
24;F;553.57;NO;0;SI;NO;SI;0
34;F;1442.74;NO;2;NO;SI;SI;0
35;F;1247.62;SI;2;NO;NO;SI;1
43;F;927.37;NO;3;NO;NO;SI;1
26;M;1685.45;NO;0;NO;NO;NO;0
37;M;1437.84;SI;0;NO;SI;SI;0
33;F;2676.42;SI;1;NO;SI;SI;1
32;F;1510.56;SI;0;NO;NO;SI;0
33;F;2065.26;SI;0;SI;SI;SI;1
37;M;1674.44;NO;0;SI;SI;NO;0
45;M;1569.15;SI;1;SI;NO;NO;0
44;M;1097.46;NO;0;SI;SI;SI;0
44;F;1552.02;NO;0;NO;SI;SI;0
43;F;1661.38;SI;0;SI;NO;SI;0
27;M;1823.47;NO;3;SI;NO;SI;1
32;F;1028.29;NO;2;NO;SI;SI;1
32;F;1582.37;NO;0;SI;SI;SI;0
52;M;1131.24;SI;0;NO;SI;SI;0
29;M;907.56;SI;1;SI;NO;SI;0
35;F;1718.21;SI;0;SI;SI;SI;0
38;M;908.01;SI;0;SI;NO;SI;1
32;F;1186.71;NO;1;NO;SI;SI;1
37;M;1985.72;SI;1;SI;SI;SI;0
41;F;985.04;NO;0;NO;SI;NO;1
46;M;1351.63;SI;1;NO;NO;SI;1
29;M;1310.93;SI;1;NO;NO;NO;0
39;F;1248.3;SI;0;NO;SI;SI;0
43;M;1622.83;SI;1;SI;SI;NO;0
29;F;1727.4;SI;3;NO;SI;SI;1
37;F;1462.64;SI;3;NO;SI;SI;0
39;M;1159.52;SI;0;NO;NO;NO;0
39;M;1267.57;SI;1;SI;SI;SI;1
37;F;683.65;SI;3;NO;NO;SI;0
31;M;1054.41;SI;1;NO;SI;NO;0
37;F;1209.18;SI;1;SI;SI;SI;0
35;M;1725.26;NO;0;NO;SI;SI;0
35;F;1412.7;NO;0;SI;SI;NO;0
33;M;767.65;SI;2;SI;SI;SI;1
24;F;1352.4;SI;0;NO;SI;SI;0
31;M;1584.37;SI;0;NO;SI;NO;1
45;M;1791.93;SI;0;SI;SI;SI;1
37;F;1131.03;NO;2;SI;SI;SI;1
37;M;810.04;SI;2;NO;NO;NO;0
25;F;1108.62;NO;2;SI;NO;SI;0
39;F;1239.11;SI;0;NO;SI;SI;0
35;F;1175.7;SI;1;SI;SI;SI;1
38;F;926.83;SI;0;NO;SI;NO;0
35;F;1587.99;SI;0;NO;SI;NO;0
27;M;1494.04;SI;3;NO;SI;SI;1
41;F;759.89;NO;3;NO;SI;SI;0
50;F;924.84;SI;0;NO;NO;SI;0
31;M;1876.66;NO;2;SI;SI;SI;0
45;M;884.9;NO;0;SI;SI;SI;0
42;M;1894.66;NO;2;SI;SI;SI;0
27;F;1643.25;NO;1;NO;SI;SI;0
38;M;1234.34;SI;0;NO;SI;SI;0
37;M;1498.49;NO;1;NO;SI;SI;0
45;F;1045.79;NO;2;SI;NO;SI;0
29;F;2197.75;NO;2;SI;SI;SI;0
34;F;717.42;SI;0;SI;SI;NO;0
44;M;1758.78;NO;0;SI;SI;SI;1
37;M;1461.8;NO;2;SI;SI;SI;0
35;F;1749.24;NO;1;NO;SI;SI;1
38;F;868;NO;2;NO;SI;NO;0
29;M;1262.31;NO;0;SI;SI;SI;1
44;M;1690.44;NO;2;SI;SI;SI;0
39;M;1350.25;SI;0;SI;NO;NO;1
39;F;1781.38;SI;1;SI;SI;NO;1
33;M;1520.52;NO;0;NO;SI;SI;0
35;M;1250.8;SI;0;NO;SI;SI;0
42;F;1635.12;NO;0;NO;NO;SI;0
43;M;1387.81;SI;1;NO;SI;NO;1
34;M;1289.09;SI;0;NO;NO;SI;1
37;F;829;NO;1;NO;SI;NO;1
34;F;1465.28;SI;3;NO;NO;SI;0
33;F;1328.61;SI;3;SI;SI;SI;0
41;F;1258.82;SI;2;NO;SI;SI;1
41;F;814.6;SI;0;NO;SI;NO;0
47;M;895.95;SI;2;NO;SI;SI;0
35;F;1857.96;SI;1;NO;NO;SI;0
29;M;792.38;SI;1;NO;SI;NO;1
31;M;1888.33;SI;2;NO;NO;NO;1
42;M;834.7;SI;1;SI;SI;NO;1
40;M;1510.76;SI;2;SI;SI;SI;1
36;M;1454.7;SI;0;NO;NO;SI;1
24;F;1363.03;SI;0;NO;SI;SI;0
34;M;367.72;SI;1;SI;SI;NO;0
41;M;620.99;SI;0;SI;SI;SI;0
32;F;1354.07;SI;0;NO;SI;SI;0
45;M;1639.93;SI;2;SI;SI;SI;0
30;F;1264.61;SI;1;NO;SI;SI;0
46;M;929.78;SI;0;SI;SI;NO;1
41;F;1396.52;SI;0;NO;SI;NO;0
38;M;1266.96;SI;0;NO;SI;NO;1
26;F;1330.47;NO;1;NO;NO;SI;0
38;F;2113.41;NO;0;SI;NO;SI;1
40;M;1741.71;SI;0;NO;SI;SI;1
45;F;1288.39;NO;1;NO;SI;SI;1
37;M;1678.12;NO;1;SI;SI;SI;0
43;F;1399.97;SI;0;SI;NO;SI;1
41;F;1289.39;SI;2;NO;SI;SI;1
52;F;1812.08;SI;0;NO;NO;SI;0
32;M;951.97;NO;0;NO;SI;SI;0
40;F;1112.69;NO;3;SI;NO;SI;0
41;F;1245.12;SI;1;SI;SI;NO;0
40;F;1116.34;NO;2;SI;SI;SI;0
31;M;1212.52;SI;3;NO;SI;SI;1
33;M;2243.01;SI;2;NO;NO;SI;0
45;F;1562.02;SI;0;NO;SI;SI;0
45;F;1309.52;SI;1;SI;SI;NO;0
43;M;1830.85;SI;2;SI;SI;NO;0
40;F;1701.59;NO;1;SI;NO;SI;0
44;M;391.44;SI;0;SI;SI;SI;1
40;M;917.8;SI;0;NO;SI;SI;1
41;M;1215.28;SI;3;NO;SI;NO;1
35;M;1037.47;SI;0;NO;SI;SI;0
36;F;1280.89;NO;2;NO;SI;SI;0
44;F;1792.55;NO;0;NO;NO;NO;0
34;F;1493.6;SI;0;NO;NO;SI;0
36;F;1219.67;SI;2;NO;SI;SI;0
32;M;1411.55;SI;0;SI;SI;SI;0
30;F;1830.27;NO;1;NO;NO;NO;1
42;M;1471.66;NO;2;NO;NO;SI;0
37;M;1301.56;SI;0;NO;NO;SI;1
30;F;1815.71;SI;3;NO;NO;SI;0
34;F;1224.74;NO;0;SI;SI;SI;0
37;F;1257.6;SI;2;SI;SI;SI;0
41;M;1534.88;SI;1;NO;NO;SI;0
33;F;1437.72;SI;1;SI;SI;SI;0
32;F;1455.25;SI;0;NO;NO;SI;0
25;F;540.4;NO;3;SI;NO;SI;1
44;M;1762.78;NO;0;NO;NO;SI;0
27;M;1049.34;NO;1;SI;NO;NO;0
28;M;1575.11;NO;0;SI;NO;SI;0
41;F;1146.3;SI;0;NO;SI;NO;0
35;F;1092.88;SI;0;NO;SI;SI;0
40;M;2520.63;NO;0;SI;NO;SI;0
44;F;1158.18;SI;3;SI;SI;NO;0
36;F;949.85;SI;2;SI;SI;NO;1
43;F;1405.48;NO;0;SI;NO;NO;1
42;F;1107.43;SI;3;SI;NO;NO;1
30;M;1617.55;SI;0;SI;SI;NO;0
36;M;1652.84;SI;2;NO;SI;SI;0
36;F;1567.68;NO;1;NO;SI;SI;0
29;M;2002.04;SI;0;SI;SI;NO;1
29;F;1268.91;NO;0;NO;NO;SI;1
44;M;859.83;NO;3;SI;NO;NO;1
41;M;1211.63;SI;0;SI;NO;SI;0
49;M;1303.57;NO;0;NO;NO;NO;1
43;F;1500.8;SI;3;NO;SI;SI;0
35;M;2070.62;SI;3;SI;SI;SI;0
40;M;1687.87;NO;1;NO;SI;SI;0
42;M;1751.77;NO;0;NO;SI;SI;0
39;F;1615.97;SI;1;SI;NO;NO;0
40;M;1183.18;SI;2;NO;SI;NO;0
42;F;763.89;NO;1;SI;NO;SI;1
27;M;1769.42;NO;0;SI;SI;SI;1
33;F;1608.12;NO;2;SI;SI;SI;0
41;F;854.12;SI;0;SI;NO;SI;0
24;F;719.96;SI;0;NO;SI;SI;0
33;M;1284.49;SI;0;NO;SI;SI;1
42;M;1047;NO;1;NO;SI;NO;1
40;M;1554.18;SI;1;SI;NO;NO;0
35;F;1252.34;SI;2;SI;SI;NO;0
31;M;1246.73;SI;0;NO;SI;SI;1
26;M;529;SI;0;SI;SI;SI;1
39;M;910.16;NO;1;NO;SI;NO;0
37;M;2117.71;SI;1;SI;NO;SI;0
42;F;676.74;SI;0;SI;SI;SI;0
30;M;803.27;NO;1;SI;NO;SI;0
39;F;1448.24;SI;0;NO;SI;SI;0
33;F;1442.1;SI;3;NO;SI;NO;0
28;F;853.59;SI;2;SI;NO;NO;0
43;F;994.59;SI;1;SI;NO;SI;1
36;M;1260.08;NO;2;NO;SI;SI;1
48;M;2259.83;SI;0;NO;SI;NO;1
42;F;2040.17;SI;1;SI;SI;SI;0
39;M;1795.12;NO;0;SI;SI;SI;1
32;F;1080.37;SI;0;NO;NO;SI;1
33;M;1409.92;SI;0;SI;SI;NO;0
51;M;1419.2;NO;2;SI;SI;SI;1
37;M;1263.6;SI;0;SI;NO;NO;1
48;F;1388.89;NO;1;SI;SI;NO;1
33;F;1869.47;SI;1;NO;NO;SI;0
34;M;1891.75;SI;1;SI;NO;SI;0
40;M;1949.76;SI;1;NO;SI;NO;1
37;M;717.42;SI;0;SI;SI;SI;0
39;F;1587.53;SI;0;SI;SI;SI;0
50;M;1351.42;NO;0;SI;NO;SI;1
38;F;1549.74;SI;0;NO;SI;SI;0
30;M;1171.27;SI;0;SI;SI;SI;0
33;F;762.78;SI;0;NO;SI;SI;0
31;F;1542.36;SI;2;NO;NO;SI;0
44;M;1431.58;SI;3;SI;SI;NO;0
40;F;970.88;NO;0;SI;SI;SI;0
37;M;1319.46;SI;3;SI;NO;NO;0
42;M;1225.96;NO;0;SI;SI;NO;1
44;F;1673.39;NO;0;NO;NO;SI;0
36;F;1742.9;NO;0;SI;SI;SI;1
36;M;791.55;NO;0;NO;SI;SI;1
24;F;1747.68;SI;0;SI;SI;SI;0
26;F;1784.25;SI;0;SI;SI;SI;1
39;F;843.49;SI;0;NO;SI;SI;0
36;M;974.5;NO;1;NO;SI;SI;0
43;M;1092.44;SI;1;NO;SI;SI;0
47;M;1768.47;SI;0;SI;NO;SI;1
50;F;1523.28;SI;0;SI;SI;NO;1
33;F;1033.88;SI;0;SI;NO;SI;1
37;F;1461.98;SI;2;SI;NO;SI;0
31;M;473.78;NO;0;SI;SI;SI;0
40;F;1349.75;SI;2;SI;SI;SI;1
38;M;1893.24;SI;0;NO;NO;SI;0
31;F;1565.87;NO;3;NO;SI;SI;0
39;M;1475.55;SI;0;NO;NO;SI;0
